summoner name,game duration,win,champion,champion id,champion level,deaths,kills,assists,role,wards killed,wards placed,dragon kills,baron kills,damage dealt to objectives,damage dealt to turrets,turrets lost,turret kills,total minions killed,inhibitor takedowns,inhibitor kills
Cillian Murphy1,1627,1,Sion,14,16,6,2,17,SOLO,2,14,0,0,1633,1633,1,0,177,2,0
HMpeiwan offlÏne,1627,1,Khazix,121,16,2,14,5,NONE,7,5,4,1,64403,1213,1,2,34,1,1
goodtoknowyouhah,1627,1,Neeko,518,17,1,9,10,SOLO,2,6,0,0,11956,6708,1,2,227,3,1
Server Menace,1627,1,Draven,119,14,7,7,5,CARRY,3,8,0,0,19456,9311,1,5,215,1,1
Chapter 4,1627,1,Janna,40,13,4,1,22,SUPPORT,6,34,0,0,4367,3333,1,1,15,3,0
fιght,1627,0,Aatrox,266,15,6,7,1,DUO,2,8,0,0,2793,2793,11,1,202,0,0
FaithXD,1627,0,Elise,60,13,5,3,3,NONE,4,4,0,0,11338,120,11,0,26,0,0
DetBirken,1627,0,Jayce,126,15,7,1,2,DUO,2,9,0,0,5430,0,11,0,197,0,0
Hellman,1627,0,Samira,360,12,10,7,1,CARRY,2,11,0,0,1928,887,11,0,155,0,0
Grizzły Hills,1627,0,Rell,526,11,6,0,10,SUPPORT,3,21,0,0,0,0,11,0,31,0,0
Ryan5idee,1706,0,Jax,24,16,5,11,7,NONE,2,12,0,0,5749,5749,10,3,206,0,0
Argubidang,1706,0,Khazix,121,14,7,1,11,SOLO,2,4,0,0,14291,0,10,0,18,0,0
pogSHARK,1706,0,Fizz,105,17,5,9,4,SOLO,5,3,0,0,120,0,10,0,217,0,0
Osdal,1706,0,Kalista,429,13,9,7,4,CARRY,9,6,0,0,4241,3535,10,1,225,0,0
Soloq Secret Acc,1706,0,Rell,526,12,9,2,10,SUPPORT,6,33,0,0,569,367,10,0,33,0,0
Käräsu,1706,1,Illaoi,420,15,11,6,4,SOLO,0,9,1,0,15985,7619,4,3,170,0,0
CallMeAdolf,1706,1,Graves,104,16,9,13,10,NONE,5,3,3,2,61146,4473,4,1,43,1,1
UK DRILL MIX,1706,1,Anivia,34,17,3,7,9,DUO,2,6,0,0,11802,2427,4,0,196,1,0
Z1ER,1706,1,Kaisa,145,15,5,6,14,DUO,10,10,0,0,23029,8720,4,5,225,1,0
Chapter 4,1706,1,Braum,201,14,2,3,22,SUPPORT,9,33,0,0,6440,1500,4,0,44,1,0
Trighter,1835,1,Zac,154,17,4,7,12,NONE,4,9,0,0,11085,1676,3,2,226,3,1
Zankiller2,1835,1,Nocturne,56,18,5,21,4,NONE,5,5,1,1,52644,5551,3,4,56,3,2
EWS MENESIS,1835,1,Leblanc,7,16,6,6,8,SOLO,5,3,0,0,12509,6812,3,3,226,1,0
iRazer,1835,1,Ezreal,81,15,6,4,10,CARRY,4,9,1,1,30897,5255,3,1,196,1,0
Chapter 4,1835,1,Soraka,16,15,6,0,28,SUPPORT,4,39,0,0,2360,1095,3,0,11,2,0
MARVIN CANT STOP,1835,0,Singed,27,17,9,4,6,DUO,0,13,0,0,11137,914,11,0,295,0,0
happy winter,1835,0,Karthus,30,16,9,6,10,NONE,3,1,2,0,21813,417,11,1,48,0,0
ŁordVanDamm,1835,0,Naafiri,950,16,7,7,5,DUO,1,6,0,0,2165,1614,11,1,212,0,0
Crimsen,1835,0,Caitlyn,51,15,7,5,9,CARRY,5,7,0,0,6604,4735,11,1,217,0,0
Will it Pay ,1835,0,Blitzcrank,53,14,8,5,13,SUPPORT,5,36,0,0,1708,436,11,0,31,0,0
dopamine hack,1568,0,Quinn,133,14,7,4,4,SOLO,1,9,0,0,5563,3025,11,2,186,0,0
noob belveth,1568,0,Belveth,200,13,7,2,3,NONE,5,0,0,0,23902,0,11,0,18,0,0
DNC Void,1568,0,Ryze,13,16,4,3,2,CARRY,3,11,0,0,1368,1193,11,1,216,0,0
JL BlackSwan,1568,0,Ezreal,81,13,3,0,3,SOLO,4,4,0,0,1619,1292,11,0,221,0,0
Chapter 4,1568,0,Rakan,497,11,2,3,5,SUPPORT,8,46,0,0,0,0,11,0,38,0,0
SLEYERCOOL,1568,1,Riven,92,16,7,7,1,SOLO,2,5,0,0,10437,7235,3,2,202,0,0
lIIIIIIlIIIIlIII,1568,1,LeeSin,64,14,1,9,4,NONE,5,14,3,1,33406,275,3,1,7,1,0
TWITTER OPAT04XD,1568,1,Cassiopeia,69,16,2,2,4,SOLO,2,8,0,0,10579,5451,3,3,202,1,1
chill falls1,1568,1,Xayah,498,15,1,5,6,CARRY,6,9,0,0,24482,13048,3,4,260,2,1
Ravensburg Tale,1568,1,Blitzcrank,53,12,1,0,10,SUPPORT,16,32,1,0,12315,208,3,0,44,1,0
Rïck Grimes ,1173,1,Graves,104,13,2,2,8,SUPPORT,0,7,0,0,3471,1241,1,0,155,1,0
lCherkessl,1173,1,Lillia,876,12,1,3,7,SUPPORT,1,8,2,0,23835,283,1,1,21,1,0
LordKevko,1173,1,Syndra,134,12,1,3,5,SUPPORT,1,6,0,0,4852,1823,1,0,164,1,0
wqrfsadfa,1173,1,Tristana,18,12,4,18,4,SUPPORT,1,7,0,0,8030,6725,1,3,153,1,1
Carrry,1173,1,Rell,526,10,5,1,20,SUPPORT,7,17,0,0,882,445,1,0,34,1,0
Rammus CHILL ,1173,0,Rammus,33,10,4,0,5,SUPPORT,5,2,0,0,2801,0,4,0,18,0,0
Maxlore,1173,0,Renekton,58,13,4,2,1,SUPPORT,2,5,0,0,11339,1781,4,1,159,0,0
mid0705,1173,0,Ahri,103,11,4,6,0,SUPPORT,1,3,0,0,409,0,4,0,129,0,0
rettebeb,1173,0,Zeri,221,9,10,3,4,SUPPORT,0,5,0,0,1558,1558,4,0,107,0,0
Chapter 4,1173,0,Braum,201,9,5,2,8,SUPPORT,5,18,0,0,0,0,4,0,34,0,0
Lingwi,1856,1,Olaf,2,17,9,3,6,SOLO,1,13,0,0,3265,993,3,2,195,0,0
człowiek rakieta,1856,1,Shaco,35,17,6,14,10,NONE,6,8,2,2,34636,4028,3,3,13,1,1
Jagt,1856,1,KSante,897,17,6,6,14,SOLO,1,5,0,0,13149,8237,3,3,192,2,0
sro rage enjoyer,1856,1,Kaisa,145,17,4,12,12,CARRY,9,9,1,0,44998,9028,3,2,277,2,2
Chapter 4,1856,1,Rakan,497,16,2,4,25,SUPPORT,8,55,0,0,2305,1640,3,1,55,3,0
Gruiku,1856,0,Rumble,68,16,7,6,5,SOLO,0,11,0,0,7408,4130,11,2,203,0,0
Evilpainn,1856,0,Taliyah,163,16,8,4,11,SOLO,4,13,0,0,4015,334,11,0,223,0,0
Razørk Activoø,1856,0,RekSai,421,15,7,13,9,NONE,3,6,1,0,21461,1625,11,1,41,0,0
rettebeb,1856,0,Varus,110,14,10,2,8,CARRY,6,7,0,0,59,59,11,0,201,0,0
LeoNaut Phobia,1856,0,Rell,526,13,7,2,15,SUPPORT,6,43,0,0,4300,401,11,0,33,0,0
Badlulu00,1736,1,Renekton,58,17,4,8,6,NONE,4,9,0,0,6628,5231,2,2,233,1,0
Razørk Activoø,1736,1,RekSai,421,17,3,5,17,NONE,1,4,1,1,38156,2108,2,2,11,1,0
Kibbylol,1736,1,Vladimir,8,17,2,11,6,SOLO,0,9,0,1,9878,3793,2,2,258,2,1
avarice61,1736,1,Aphelios,523,15,3,8,9,CARRY,6,7,1,0,32564,7907,2,4,204,2,1
Hannover,1736,1,Pyke,555,13,8,4,14,SUPPORT,15,50,0,0,329,329,2,0,22,1,0
Lingwi,1736,0,Gragas,79,14,6,1,5,SOLO,2,11,0,0,4302,0,10,0,171,0,0
PikAsyou,1736,0,Elise,60,12,12,2,3,NONE,6,6,1,0,17154,145,10,0,13,0,0
Competitor,1736,0,Zed,238,16,4,11,1,SOLO,3,2,0,0,6091,2845,10,1,244,0,0
sro rage enjoyer,1736,0,Xayah,498,15,7,3,3,CARRY,13,10,1,0,10321,2335,10,1,270,0,0
Chapter 4,1736,0,Braum,201,12,7,2,8,SUPPORT,7,36,0,0,710,710,10,0,38,0,0
Hof,1582,0,Singed,27,14,9,2,3,SOLO,4,9,0,0,587,587,7,0,190,0,0
Clarence Kennedy,1582,0,Khazix,121,14,3,6,4,NONE,5,6,1,1,17959,0,7,0,30,0,0
JockøWillink,1582,0,Leblanc,7,16,2,5,6,SOLO,10,4,0,0,6359,6359,7,3,270,0,0
WENB0,1582,0,Xayah,498,14,5,0,4,CARRY,5,10,0,0,4648,682,7,0,223,0,0
trymbol,1582,0,Zoe,142,10,5,0,7,SUPPORT,12,25,0,0,699,604,7,0,42,0,0
BYLB Dawn,1582,1,Irelia,39,16,2,10,6,SOLO,2,8,0,0,18928,6771,3,3,257,0,0
stipe69,1582,1,Sejuani,113,14,2,2,11,NONE,4,1,2,0,29009,511,3,0,21,0,0
Percy Magic,1582,1,Yone,777,16,3,3,4,SOLO,2,11,0,0,12420,2334,3,1,235,0,0
i can fight,1582,1,Kaisa,145,15,2,7,5,SOLO,2,11,0,0,12858,5387,3,2,236,0,0
Chapter 4,1582,1,Rakan,497,11,4,1,14,NONE,7,43,0,0,927,343,3,1,32,0,0
Azyrite,1825,1,Olaf,2,17,4,10,6,SOLO,1,11,0,0,21933,9308,4,3,216,1,1
Zubac,1825,1,Rell,526,16,7,1,24,NONE,5,3,1,0,21040,0,4,1,8,2,1
Percy Magic,1825,1,Kaisa,145,17,5,11,6,SOLO,5,11,0,0,6343,4733,4,1,248,4,3
Maître 7,1825,1,Xayah,498,15,6,9,6,CARRY,7,9,2,1,38861,6719,4,4,217,4,0
Shyr0,1825,1,Heimerdinger,74,14,5,1,19,SUPPORT,4,35,0,0,10205,1539,4,2,33,3,0
HMpeiwan JW,1825,0,Renekton,58,16,6,5,11,SOLO,3,7,0,0,7889,3874,11,2,252,0,0
XnS Sama,1825,0,Lillia,876,16,7,7,7,NONE,1,9,0,1,21562,124,11,0,50,0,0
Sägen,1825,0,TwistedFate,4,15,8,7,12,DUO,0,8,0,0,11688,6520,11,1,190,0,0
unfilmed,1825,0,Tristana,18,14,7,6,4,DUO,5,8,1,0,10670,984,11,1,165,0,0
Chapter 4,1825,0,Braum,201,13,4,2,16,SUPPORT,5,38,0,0,1527,21,11,0,32,0,0
TWÌTCH BerzanHan,1559,0,Yone,777,14,5,4,4,SOLO,0,7,0,0,0,0,11,0,167,0,0
CG Høkage,1559,0,Belveth,200,14,6,3,6,NONE,1,10,3,0,25073,2388,11,1,45,0,0
pancuh,1559,0,Katarina,55,15,7,8,2,SOLO,5,2,0,0,4998,1215,11,1,228,0,0
Z1ER,1559,0,Kaisa,145,13,7,1,9,CARRY,5,9,0,0,5533,837,11,0,192,0,0
life is sorrow,1559,0,Gragas,79,12,5,1,9,SUPPORT,8,20,0,0,1365,102,11,0,33,0,0
Caucha,1559,1,Renekton,58,13,8,2,7,SOLO,1,8,0,0,6666,6666,2,2,176,1,1
krellektp,1559,1,Zac,154,14,2,6,8,NONE,6,3,0,1,23041,1506,2,3,32,3,0
Sägen,1559,1,TwistedFate,4,16,3,11,10,SOLO,1,10,0,0,12286,10659,2,4,190,2,1
spongelowbob,1559,1,Xayah,498,15,2,6,13,CARRY,1,9,0,0,11218,3259,2,2,188,1,1
Chapter 4,1559,1,Rakan,497,13,2,5,21,SUPPORT,6,36,0,0,2340,891,2,0,38,2,0
16ar,1394,0,Singed,27,13,4,4,1,SOLO,0,5,0,0,2463,502,10,0,122,0,0
krellektp,1394,0,Zac,154,12,5,1,4,NONE,7,3,2,1,11248,0,10,0,45,0,0
tonzaya,1394,0,Yone,777,13,2,1,4,SOLO,3,8,0,0,3897,2144,10,1,182,0,0
Mutant Grzegorz ,1394,0,Ezreal,81,12,8,5,3,CARRY,8,8,0,0,10652,1791,10,1,182,0,0
Redemptíon,1394,0,Janna,40,10,7,0,5,SUPPORT,9,23,0,0,1124,509,10,0,11,0,0
Nouji,1394,1,Fiora,114,15,3,3,1,DUO,1,7,0,0,20649,17451,2,5,217,1,1
MrBxnxBxxr,1394,1,LeeSin,64,13,1,12,4,NONE,1,14,0,0,26839,0,2,0,12,1,0
sand flea,1394,1,Ahri,103,13,1,5,10,DUO,2,9,0,0,9035,3015,2,2,164,1,1
T1 IMP,1394,1,Vayne,67,11,5,2,7,CARRY,1,5,1,0,5193,3709,2,3,163,1,0
Chapter 4,1394,1,Rakan,497,10,1,4,14,SUPPORT,5,35,0,0,479,183,2,0,46,1,0
G4KG05,1559,1,Yone,777,15,4,6,3,SOLO,3,7,0,0,17065,3849,3,1,202,1,0
TR1NKET04,1559,1,Ivern,427,14,1,0,13,NONE,11,2,2,1,22699,4747,3,2,23,1,0
kronotrop lover,1559,1,Syndra,134,15,1,4,3,SOLO,2,7,0,0,6116,2765,3,1,227,1,0
77PT Warszi,1559,1,Varus,110,14,4,7,8,CARRY,2,12,0,0,9513,4846,3,2,212,1,1
Toro Adventures,1559,1,Alistar,12,12,4,2,12,SUPPORT,9,26,0,0,814,388,3,1,39,1,0
I AM BÁTMAN,1559,0,Renekton,58,15,4,4,2,SOLO,2,11,0,0,13308,2366,9,1,222,0,0
Cast,1559,0,Kindred,203,13,4,3,7,NONE,7,5,1,0,16872,1805,9,1,13,0,0
DetBirken,1559,0,Jayce,126,14,5,4,2,SOLO,4,11,0,0,3788,2939,9,1,196,0,0
NE storm,1559,0,Xerath,101,13,4,2,3,CARRY,1,9,0,0,1607,1171,9,0,191,0,0
Chapter 4,1559,0,Rakan,497,11,2,1,8,SUPPORT,6,37,0,0,1785,693,9,0,35,0,0
Bublekanosss,783,0,Yone,777,7,2,0,1,SUPPORT,0,4,0,0,210,0,7,0,36,0,0
Juicyboy,783,0,RekSai,421,7,4,1,2,SUPPORT,3,1,0,0,2216,0,7,0,6,0,0
DetBirken,783,0,Viktor,112,8,2,0,0,DUO,0,2,0,0,57,57,7,0,79,0,0
pepe seppe,783,0,Twitch,29,7,3,1,0,SUPPORT,1,4,0,0,0,0,7,0,67,0,0
OVA Reddy,783,0,Rell,526,6,3,1,1,SUPPORT,1,13,0,0,0,0,7,0,20,0,0
G4KG05,783,1,Jayce,126,9,1,3,2,SUPPORT,0,3,0,0,8537,8537,0,4,97,1,0
sSirius Black,783,1,Elise,60,8,0,4,3,SUPPORT,2,3,0,0,12718,3716,0,1,9,1,0
pancuh,783,1,Zed,238,9,0,3,0,SUPPORT,0,1,0,0,3021,3021,0,0,85,1,1
PROJECT KYKS,783,1,Xayah,498,8,2,3,3,SUPPORT,1,3,0,0,2892,2892,0,2,99,1,0
Chapter 4,783,1,Rakan,497,7,0,1,6,SUPPORT,0,11,0,0,1409,1409,0,0,26,1,0
Dont type PLAY,913,0,Maokai,57,9,4,2,1,SUPPORT,1,5,0,0,7514,0,6,0,9,0,0
NightyNN2,913,0,Olaf,2,7,6,1,0,SUPPORT,0,3,0,0,0,0,6,0,47,0,0
Coyote Stαrk,913,0,Sylas,517,9,4,2,1,DUO,0,5,0,0,0,0,6,0,92,0,0
Chains,913,0,Ezreal,81,8,8,2,3,SUPPORT,0,5,0,0,860,860,6,0,77,0,0
Inori Yużuriha,913,0,Janna,40,7,3,2,3,SUPPORT,1,8,0,0,0,0,6,0,6,0,0
Element Empress,913,1,Qiyana,246,10,1,1,5,SUPPORT,1,1,0,0,3403,3403,0,1,86,0,0
Karlovačko,913,1,Rengar,107,10,3,8,4,SUPPORT,1,5,2,0,23078,2901,0,1,9,0,0
saint pabΙo,913,1,Rumble,68,12,0,8,3,SUPPORT,0,4,0,0,6144,6144,0,2,140,0,0
SK Nenrislol,913,1,Seraphine,147,10,5,4,4,SUPPORT,0,5,0,0,3982,3982,0,1,111,0,0
Chapter 4,913,1,Rakan,497,8,0,4,10,SUPPORT,1,12,0,0,245,33,0,1,32,0,0
I love Mariam,1612,1,Vayne,67,16,7,6,4,SOLO,3,11,0,0,14292,14292,6,3,229,1,0
GeefMeEnKlapPapa,1612,1,JarvanIV,59,13,8,2,11,NONE,5,2,1,0,26005,33,6,0,18,0,0
Guirake le Crack,1612,1,Syndra,134,16,2,4,2,SOLO,0,11,0,0,2408,2210,6,0,263,1,0
Tazaku,1612,1,Ezreal,81,14,6,6,7,CARRY,7,10,0,0,6821,6821,6,3,245,1,1
Chapter 4,1612,1,Soraka,16,12,4,4,11,SUPPORT,7,20,0,0,1038,868,6,1,20,1,0
AS Toasti,1612,0,Yone,777,15,4,4,6,SOLO,1,10,2,0,30419,0,8,0,161,0,0
ME LittleLaudi,1612,0,Ivern,427,14,4,3,14,NONE,4,3,1,1,22137,50,8,0,12,0,0
SHYIJYQQD,1612,0,Tristana,18,17,3,7,6,CARRY,4,10,0,0,20706,11810,8,2,248,0,0
disconsumption,1612,0,Ziggs,115,15,3,5,10,SOLO,4,12,0,0,24221,20830,8,4,205,0,0
death ends,1612,0,Pyke,555,12,8,7,8,SUPPORT,6,40,0,0,128,0,8,0,27,0,0
ØØØÆÆÆØØØ,1496,0,Talon,91,12,6,8,4,NONE,3,4,0,0,652,652,9,1,110,0,0
Ceenaryu,1496,0,Hecarim,120,13,10,8,6,NONE,2,1,0,0,28518,568,9,1,20,0,0
c0cky movement,1496,0,Ahri,103,15,4,4,8,SOLO,0,11,0,0,756,756,9,0,203,0,0
TakeSet sama,1496,0,Xayah,498,13,9,7,9,CARRY,2,7,0,0,5116,1732,9,1,177,0,0
Chapter 4,1496,0,Soraka,16,12,6,1,18,SUPPORT,1,18,0,0,227,227,9,0,8,0,0
Squeezie,1496,1,Garen,86,16,4,15,4,CARRY,2,6,0,0,14049,12448,3,5,208,1,0
TTV DarkAuraLOL,1496,1,Kayn,141,16,5,15,8,NONE,1,3,2,1,35041,1731,3,1,40,1,0
CzekøChad,1496,1,Annie,1,14,4,2,11,SOLO,3,7,0,0,6733,1132,3,0,167,1,0
feel my kirin,1496,1,Ashe,22,13,7,2,7,SOLO,6,7,0,0,13449,7354,3,3,176,1,1
SCB Romeo,1496,1,Rakan,497,12,8,1,13,SUPPORT,1,24,0,0,972,848,3,0,28,1,0
I rank 1 ,1591,1,Swain,50,15,3,8,7,DUO,0,10,0,0,8050,1324,2,1,145,0,0
FA Warrior,1591,1,RekSai,421,15,0,3,11,NONE,1,6,3,1,44759,711,2,1,12,0,0
TRYHARDWIN,1591,1,Irelia,39,16,2,7,7,DUO,1,11,0,0,10744,7318,2,4,263,1,0
Smorcman73,1591,1,Samira,360,14,1,6,3,CARRY,3,6,0,0,10917,4474,2,1,223,1,1
SLY BackSteeeL,1591,1,Rell,526,12,4,1,14,SUPPORT,10,27,0,0,1923,0,2,0,30,1,0
Odoamne,1591,0,Gnar,150,15,5,3,7,SOLO,3,8,0,0,6320,5593,7,1,219,0,0
qwqw,1591,0,Nidalee,76,13,6,2,6,NONE,6,6,0,0,7144,113,7,1,12,0,0
ØØØÆÆÆØØØ,1591,0,Talon,91,12,8,2,1,SOLO,2,6,0,0,343,264,7,0,126,0,0
You gave me pain,1591,0,Karthus,30,15,2,3,2,CARRY,3,7,0,0,2327,419,7,0,269,0,0
Chapter 4,1591,0,Soraka,16,12,4,0,6,SUPPORT,5,27,0,0,647,647,7,0,20,0,0
Handige Hans,1373,0,Pantheon,80,12,9,4,0,NONE,1,3,0,0,0,0,6,0,129,0,0
akksor,1373,0,FiddleSticks,9,12,1,6,1,NONE,1,0,0,0,11323,131,6,0,42,0,0
kronotrop lover,1373,0,Syndra,134,13,7,2,3,DUO,1,7,0,0,344,344,6,0,159,0,0
H3LLRA1SER,1373,0,Xayah,498,12,4,3,4,DUO,3,10,0,0,5326,2539,6,1,196,0,0
SLY BackSteeeL,1373,0,Rakan,497,10,3,1,9,SOLO,11,23,0,0,900,900,6,0,32,0,0
Ttv KoalachanLoL,1373,1,Gwen,887,16,3,9,3,NONE,3,6,0,0,14645,8956,1,3,200,0,0
MaxouTigrou,1373,1,Ivern,427,13,0,2,8,NONE,5,6,3,1,39257,1209,1,0,15,0,0
tlustejsmrad420,1373,1,Jayce,126,14,4,5,5,SOLO,1,8,0,0,2997,2997,1,0,176,0,0
star collection,1373,1,Zeri,221,14,3,8,2,CARRY,4,10,0,0,24107,5112,1,3,209,0,0
Chapter 4,1373,1,Soraka,16,10,6,0,7,SUPPORT,5,27,0,0,2189,797,1,0,13,0,0
SVengaLL,1660,0,Hecarim,120,14,8,7,3,NONE,2,3,0,0,12307,0,11,0,24,0,0
Calimerito,1660,0,Renekton,58,15,6,5,5,SOLO,1,10,0,0,1733,1561,11,0,199,0,0
Nomanz,1660,0,Cassiopeia,69,15,8,10,5,SOLO,2,10,0,0,3914,3459,11,1,157,0,0
Chapter 4,1660,0,Soraka,16,12,3,0,11,SUPPORT,10,22,0,0,1369,802,11,0,21,0,0
Asper3,1660,0,Ezreal,81,15,2,5,9,CARRY,1,11,0,0,4197,2511,11,2,209,0,0
SatØrius,1660,1,Ornn,516,16,1,6,8,SOLO,4,11,0,0,8916,4664,3,2,197,1,0
Clarence Kennedy,1660,1,Nidalee,76,15,1,10,8,NONE,6,10,1,0,45398,2572,3,3,35,1,1
G2 Yahaba,1660,1,Tristana,18,15,14,6,3,CARRY,0,6,0,1,17248,10546,3,4,176,1,0
S11DravenEnjoyer,1660,1,Nilah,895,15,5,3,7,SOLO,2,8,0,0,10706,4299,3,1,202,2,1
ShadowZerô,1660,1,Senna,235,14,6,2,17,SUPPORT,7,28,2,0,9125,3127,3,1,16,2,0
eYa Bewbiou,1399,1,Kennen,85,14,4,3,6,NONE,3,7,0,0,4741,4741,4,1,162,1,1
rakan xayah,1399,1,Hecarim,120,14,3,10,7,NONE,1,5,3,1,30985,532,4,0,26,0,0
eYa Beaupere,1399,1,Cassiopeia,69,16,3,9,7,SOLO,0,8,0,0,6811,6811,4,4,190,1,0
disconsumption,1399,1,Ashe,22,13,3,10,10,CARRY,3,8,0,0,27467,5377,4,3,173,0,0
Chapter 4,1399,1,Soraka,16,12,4,2,16,SUPPORT,8,22,0,0,2129,1823,4,0,27,0,0
tent is back,1399,0,Nidalee,76,12,6,5,4,NONE,4,1,0,0,16927,1586,8,0,25,0,0
DoubleAiM,1399,0,Renekton,58,14,4,2,5,SOLO,3,9,0,0,3511,3511,8,2,183,0,0
hate winning,1399,0,Tristana,18,14,6,7,3,SOLO,0,8,0,0,6205,4521,8,2,163,0,0
dont click back,1399,0,Zeri,221,11,10,3,5,CARRY,2,8,0,0,1418,1288,8,0,140,0,0
o akapotos,1399,0,Lulu,117,9,8,0,9,SUPPORT,4,27,0,0,120,120,8,0,6,0,0
Zéalot,1222,0,Rumble,68,12,5,7,3,SOLO,2,6,0,0,929,736,5,0,137,0,0
Binturong,1222,0,Khazix,121,10,7,1,8,NONE,1,3,0,0,3149,0,5,0,7,0,0
Diva1,1222,0,Cassiopeia,69,12,7,3,3,SOLO,2,8,0,0,1137,1081,5,0,150,0,0
Gumadruxy,1222,0,Aphelios,523,9,6,2,2,CARRY,1,7,0,0,2566,2566,5,1,113,0,0
Cinqe,1222,0,Thresh,412,8,4,1,4,SUPPORT,2,5,0,0,0,0,5,0,21,0,0
SuperCarryGaeth,1222,1,Aatrox,266,13,3,5,3,NONE,1,7,0,0,4087,0,1,0,128,0,0
Xacaulia,1222,1,Graves,104,12,6,9,7,NONE,0,3,1,0,21309,697,1,1,21,1,0
sajator696969,1222,1,Jayce,126,13,2,5,10,SOLO,4,9,0,0,4428,3680,1,0,156,1,0
L4 zamulek,1222,1,Kaisa,145,11,3,7,7,NONE,0,6,1,0,11334,4762,1,2,155,1,0
Chapter 4,1222,1,Soraka,16,11,0,3,12,SOLO,5,20,0,0,2507,2381,1,2,31,1,1
Satorius 1v9,1135,1,Aatrox,266,13,1,6,8,SUPPORT,1,6,0,0,3035,3035,0,1,159,0,0
NO BYSTANDERS9,1135,1,Viego,234,12,3,10,8,SUPPORT,0,10,2,0,25135,2053,0,1,28,0,0
G2 Yahaba,1135,1,Leblanc,7,14,2,10,3,SUPPORT,3,4,0,0,2835,2835,0,1,176,0,0
Vizzpers4,1135,1,Aphelios,523,11,3,3,4,SUPPORT,2,6,0,0,3508,3508,0,2,134,0,0
D For Flash,1135,1,Pyke,555,8,6,4,9,SUPPORT,4,25,0,0,422,422,0,0,29,0,0
dating cookielol,1135,0,Kayn,141,10,7,2,3,SUPPORT,0,6,0,0,0,0,5,0,96,0,0
TTV NattyNattLoL,1135,0,Hecarim,120,10,7,5,2,SUPPORT,3,1,0,0,8990,0,5,0,8,0,0
crοssman,1135,0,Lissandra,127,11,7,0,5,SUPPORT,0,7,0,0,0,0,5,0,118,0,0
Infinite Mage,1135,0,Lucian,236,11,8,5,2,DUO,5,3,0,0,5291,2250,5,0,162,0,0
Chapter 4,1135,0,Rakan,497,9,4,3,9,SUPPORT,3,20,0,0,213,213,5,0,37,0,0
SotF Kelvin,1287,0,Riven,92,12,7,4,1,NONE,3,4,0,0,2978,2978,7,1,154,0,0
lasttime33,1287,0,Zac,154,11,3,1,5,NONE,1,4,0,0,10994,183,7,1,15,0,0
blitza33,1287,0,Kassadin,38,13,5,2,2,SOLO,4,2,0,0,1086,1086,7,1,183,0,0
Maudridge,1287,0,Samira,360,11,8,3,0,CARRY,6,6,0,0,2896,744,7,0,167,0,0
Orgrim Doomhamer,1287,0,Rell,526,10,6,0,7,SUPPORT,8,19,0,0,313,313,7,0,39,0,0
Akimeris 3,1287,1,Shen,98,14,4,6,10,SOLO,1,8,0,0,4776,184,3,0,107,0,0
FA Warrior,1287,1,RekSai,421,13,1,5,11,NONE,2,3,3,1,26868,4934,3,2,40,0,0
c0cky movement,1287,1,Rumble,68,15,2,5,10,SOLO,2,9,0,0,3716,1760,3,1,204,0,0
Arima Kousěi ,1287,1,Kaisa,145,13,3,11,7,SOLO,0,8,0,0,29847,7136,3,4,158,0,0
Chapter 4,1287,1,Rakan,497,11,1,2,17,NONE,7,30,0,0,2531,1660,3,0,32,0,0
LFT Âxelion,1733,0,Aatrox,266,14,9,2,5,SOLO,1,9,0,0,2062,0,10,0,175,0,0
CrÃzY,1733,0,Nidalee,76,14,7,3,1,NONE,7,11,0,0,35547,2921,10,2,49,0,0
785 917,1733,0,Talon,91,15,4,5,0,SOLO,2,2,1,0,8778,601,10,0,207,0,0
Wexillon,1733,0,Ashe,22,14,5,2,3,CARRY,3,8,0,0,943,178,10,0,225,0,0
apocalypse662,1733,0,Janna,40,12,5,0,6,SUPPORT,10,23,0,0,426,0,10,0,22,0,0
SotF Kelvin,1733,1,Riven,92,16,6,5,5,SOLO,2,5,0,0,4499,4182,2,2,196,0,0
Trzeźwy nie gram,1733,1,Khazix,121,17,0,14,3,NONE,2,5,3,1,37743,1409,2,1,33,0,0
CEO OF EVALUNNA,1733,1,Ahri,103,17,2,5,7,SOLO,1,2,0,0,5875,4707,2,2,257,1,0
Arima Kousěi ,1733,1,Kaisa,145,16,1,5,10,CARRY,3,12,0,0,17780,6830,2,3,260,2,2
Chapter 4,1733,1,Rakan,497,14,3,1,19,SUPPORT,5,45,0,0,2220,1390,2,1,33,2,0
Coatpustmain,1483,0,Sion,14,13,5,0,1,SOLO,1,6,0,0,2412,2412,10,0,157,0,0
interenn,1483,0,Vi,254,13,4,5,4,NONE,5,10,0,0,7480,0,10,0,24,0,0
TheAfricanDream,1483,0,Swain,50,13,5,1,3,SOLO,1,6,0,0,95,95,10,0,160,0,0
Black Sabbath,1483,0,Draven,119,11,8,4,3,CARRY,2,7,0,0,2448,2448,10,1,196,0,0
Chapter 4,1483,0,Janna,40,11,1,3,8,SUPPORT,6,25,0,0,911,911,10,0,22,0,0
i am Shrimp,1483,1,KSante,897,14,1,2,9,NONE,2,7,0,0,7814,4945,1,0,167,1,0
MVXYREXBXK,1483,1,Khazix,121,15,2,7,10,NONE,3,4,3,1,45548,1636,1,2,17,2,0
stillnumb,1483,1,Ahri,103,14,5,6,7,SOLO,3,8,0,0,8433,6412,1,2,170,2,0
SCB Saxuralle,1483,1,Varus,110,13,3,5,3,CARRY,1,7,0,0,18854,7580,1,5,189,2,2
Ziqmo0,1483,1,Karma,43,12,2,2,17,SUPPORT,5,35,0,0,4409,1560,1,1,23,2,0
Nemo me impune,2071,1,Vladimir,8,17,4,2,13,SOLO,3,10,0,0,2083,267,7,0,229,0,0
Kizna14,2071,1,Rengar,107,18,6,10,3,NONE,8,3,1,1,40025,5705,7,3,38,1,0
SCB Saxuralle,2071,1,Kaisa,145,18,3,13,7,SOLO,7,10,1,0,19053,3928,7,1,328,1,0
Mirbs,2071,1,Aphelios,523,16,8,2,6,CARRY,10,18,0,0,19300,10938,7,6,249,1,1
sindrelolpro2345,2071,1,Senna,235,15,9,3,16,SUPPORT,21,41,0,0,3110,2226,7,1,35,1,0
XchatLakCocUqX,2071,0,Kennen,85,17,6,3,5,SOLO,2,13,0,0,6420,3415,7,2,257,1,0
lyncas good kid,2071,0,Kindred,203,16,5,8,12,NONE,11,8,2,1,48433,4815,7,1,27,1,0
XDXDXDXDDXDDD,2071,0,Azir,268,18,7,2,10,SOLO,2,12,1,0,19483,4602,7,2,263,1,1
Drugdar,2071,0,Ezreal,81,16,7,12,7,CARRY,7,6,0,0,13919,3900,7,2,225,0,0
Chapter 4,2071,0,Rakan,497,14,5,5,17,SUPPORT,9,57,0,0,1407,324,7,0,37,1,0
Ushuala,1829,0,Maokai,57,15,7,4,8,SOLO,1,9,0,0,4296,1143,10,0,147,0,0
jgl303,1829,0,Nocturne,56,15,9,4,12,NONE,4,9,2,0,44030,84,10,0,34,0,0
Manhattan21,1829,0,Kaisa,145,17,8,14,8,SOLO,2,14,0,0,24019,11764,10,5,262,0,0
DK Noobmaker,1829,0,Varus,110,16,5,8,7,CARRY,6,6,0,0,10526,2975,10,1,241,0,0
Chapter 4,1829,0,Rakan,497,14,5,6,22,SUPPORT,8,51,0,0,793,59,10,0,39,0,0
Twilight Aspect,1829,1,Zoe,142,16,5,3,6,SOLO,1,13,0,0,7669,7669,6,3,246,2,2
Gentle Mates,1829,1,Lillia,876,18,3,19,7,NONE,4,5,2,0,27086,5124,6,2,61,1,0
Being left,1829,1,Irelia,39,17,6,5,11,SOLO,4,14,0,0,15946,6489,6,4,260,0,0
BEwTO v13,1829,1,MissFortune,21,15,10,3,11,CARRY,2,13,0,1,11930,1944,6,1,149,1,0
marlon xoxo,1829,1,Senna,235,13,12,4,13,SUPPORT,11,36,0,0,3676,1709,6,0,28,0,0
TypicaI,1173,1,KSante,897,14,1,7,2,SUPPORT,0,7,0,0,6076,6076,1,0,169,0,0
swr,1173,1,Khazix,121,12,1,3,2,SUPPORT,4,3,1,0,28860,335,1,1,11,0,0
Chaewøn,1173,1,Kaisa,145,13,2,6,2,SUPPORT,1,4,0,0,3914,3914,1,4,171,0,0
yagsοg,1173,1,Aphelios,523,12,4,8,4,SUPPORT,1,7,0,0,9106,9106,1,0,177,0,0
JeongHoon,1173,1,Lulu,117,10,1,1,13,SUPPORT,1,18,0,0,1374,1374,1,2,4,0,0
AlonsoQuixano,1173,0,Nunu,20,9,9,1,2,SUPPORT,2,3,1,0,10032,0,7,0,6,0,0
BEwTO v13,1173,0,Poppy,78,11,5,1,2,SUPPORT,0,6,0,0,1269,1269,7,0,102,0,0
jojopyun fan1,1173,0,Azir,268,13,3,3,0,DUO,0,6,0,0,2988,2436,7,1,166,0,0
Adrian Kruk,1173,0,Lucian,236,10,5,3,1,SUPPORT,3,6,0,0,598,598,7,0,148,0,0
Chapter 4,1173,0,Nami,267,9,3,1,4,SUPPORT,4,18,0,0,247,165,7,0,4,0,0
Rank 1 Reksai,1136,0,Rumble,68,10,5,2,2,DUO,2,7,0,0,559,407,9,0,112,0,0
swr,1136,0,Kindred,203,11,5,6,1,SUPPORT,2,4,0,0,8212,5651,9,1,46,0,0
Opossos,1136,0,Kennen,85,11,5,1,2,SUPPORT,0,7,0,0,731,547,9,0,120,0,0
AlonsoQuixano,1136,0,Aphelios,523,8,9,0,1,SUPPORT,0,3,0,0,2541,2541,9,0,67,0,0
Kronisk Skeptisk,1136,0,Milio,902,9,2,0,5,SUPPORT,2,14,0,0,116,116,9,0,13,0,0
SS XD,1136,1,JarvanIV,59,12,2,4,5,SUPPORT,1,6,0,0,4352,4352,1,1,142,1,0
nicolaiy2,1136,1,Viego,234,12,0,14,4,SUPPORT,5,6,2,0,35170,2162,1,3,28,1,1
Jo Jin hyeong,1136,1,Kaisa,145,12,5,2,9,SUPPORT,0,6,0,0,5006,5006,1,2,145,1,0
SCB Saxuralle,1136,1,Twitch,29,10,1,5,4,SUPPORT,1,6,0,0,5470,4964,1,2,140,2,1
Chapter 4,1136,1,Lulu,117,9,1,1,11,SUPPORT,4,12,0,0,2009,1965,1,0,13,2,0
PokéMart,1400,0,Malphite,54,14,2,4,3,SOLO,0,9,0,0,2154,2154,10,1,144,0,0
king of adelaide,1400,0,JarvanIV,59,13,8,5,4,NONE,0,4,0,0,18419,0,10,0,30,0,0
tlustejsmrad420,1400,0,Sylas,517,13,9,3,4,SOLO,0,6,0,0,1134,945,10,1,127,0,0
minemaciek,1400,0,Lucian,236,11,4,2,2,CARRY,2,10,0,0,4690,0,10,0,162,0,0
Chapter 4,1400,0,Nami,267,12,6,2,8,SUPPORT,2,20,0,0,226,226,10,0,13,0,0
SS XD,1400,1,Illaoi,420,14,6,3,6,SOLO,0,5,0,0,8127,8127,2,3,177,0,0
마왕,1400,1,RekSai,421,15,1,16,6,NONE,6,3,3,1,40440,697,2,0,40,2,0
Po Gap,1400,1,Ahri,103,14,5,6,10,SOLO,2,5,0,0,2890,714,2,0,151,2,1
Kenal,1400,1,Aphelios,523,12,4,3,7,CARRY,6,7,0,0,16286,10588,2,6,181,1,1
AluTec 1098,1400,1,Milio,902,12,0,1,16,SUPPORT,7,23,0,0,4125,2708,2,1,11,1,0
WhiteKnight108,1345,1,Kennen,85,14,3,2,7,SOLO,3,8,0,0,9038,4674,0,1,184,0,0
FA 05 JG,1345,1,MonkeyKing,62,14,0,6,5,NONE,2,5,2,1,37550,4061,0,4,24,1,0
Szygenda,1345,1,Akali,84,15,3,8,5,SOLO,1,7,0,0,2502,2298,0,1,195,1,1
Jesklaa,1345,1,Aphelios,523,13,6,7,6,CARRY,3,9,0,0,19174,7011,0,2,177,1,0
LeoNaut Phobia,1345,1,Rell,526,11,4,3,12,SUPPORT,0,22,0,0,2067,592,0,0,22,1,0
SS XD,1345,0,Malphite,54,13,2,2,5,SOLO,3,7,0,0,144,0,9,0,155,0,0
AHaHaCiK,1345,0,Khazix,121,11,7,3,5,NONE,10,14,1,0,11886,0,9,0,37,0,0
S P L A S H 777,1345,0,Tristana,18,12,10,4,3,SOLO,2,6,0,0,79,79,9,0,121,0,0
DIA SHC,1345,0,Xayah,498,11,6,7,4,CARRY,3,7,0,0,1801,393,9,0,172,0,0
Chapter 4,1345,0,Milio,902,11,1,0,13,SUPPORT,2,24,0,0,3980,145,9,0,15,0,0
SS XD,2583,1,Varus,110,18,14,6,10,NONE,4,12,0,0,25193,7184,4,4,304,3,0
XnS Sama,2583,1,LeeSin,64,18,6,21,15,NONE,4,25,3,1,49898,745,4,0,53,3,0
XDXDXDXDDXDDD,2583,1,Azir,268,18,10,7,18,SOLO,6,13,1,1,27588,4464,4,1,241,2,2
Andolos,2583,1,Lucian,236,18,5,13,18,CARRY,6,17,0,0,42242,7776,4,3,245,3,1
Chapter 4,2583,1,Milio,902,17,3,2,38,SUPPORT,19,52,0,0,4887,3025,4,1,32,3,0
17 03 2024,2583,0,Gragas,79,18,10,5,16,SOLO,4,16,1,0,8631,2138,11,1,226,0,0
KVIHNLCM,2583,0,MonkeyKing,62,17,13,6,11,NONE,11,13,0,0,28273,0,11,0,50,0,0
Captain AmerEika,2583,0,Leblanc,7,18,9,19,7,SOLO,12,5,0,0,7229,4214,11,1,384,0,0
424PHL,2583,0,Seraphine,147,18,8,8,19,CARRY,7,19,0,0,9774,1856,11,1,270,0,0
Virdemis,2583,0,Sona,37,16,9,0,31,SUPPORT,16,40,0,0,2189,146,11,1,24,0,0
Daisy Lesa,1788,1,Olaf,2,17,4,14,2,DUO,7,8,1,0,20179,14361,2,8,241,1,1
qwqw,1788,1,Teemo,17,14,7,2,8,DUO,3,9,0,0,11161,1895,2,0,174,0,0
ismααα,1788,1,Vi,254,14,4,4,9,NONE,11,8,1,0,13199,369,2,0,20,0,0
thtsbs,1788,1,Lucian,236,13,5,6,5,CARRY,11,11,0,0,7806,1496,2,0,237,0,0
Chapter 4,1788,1,Milio,902,12,3,0,16,SUPPORT,9,42,0,0,1411,954,2,0,13,0,0
Vizícsacsi,1788,0,Poppy,78,15,9,0,10,SOLO,5,15,0,0,1899,1591,8,1,156,0,0
Lesser life form,1788,0,Viego,234,15,4,6,9,NONE,3,13,2,2,53693,699,8,1,52,0,0
swr,1788,0,Jinx,222,15,4,6,3,CARRY,6,9,0,0,23052,330,8,0,194,0,0
mag1cian 1504,1788,0,Syndra,134,17,4,9,6,SOLO,3,12,0,0,9306,1401,8,0,248,0,0
Obstinatus,1788,0,Nautilus,111,12,5,2,9,SUPPORT,10,42,0,0,1902,0,8,0,39,0,0
RobertBrännström,1354,0,Gnar,150,13,10,2,5,SOLO,0,5,0,0,4865,3569,10,1,128,0,0
Polkα,1354,0,Karthus,30,13,8,4,9,NONE,1,5,0,1,6998,0,10,0,41,0,0
Bichito Power,1354,0,Kaisa,145,14,8,10,4,SOLO,2,6,0,0,6238,384,10,0,185,0,0
Kwon Jae Kyu8,1354,0,Varus,110,12,9,2,4,CARRY,0,6,0,0,1177,0,10,0,136,0,0
Raïtö,1354,0,Rell,526,11,8,3,9,SUPPORT,4,21,0,0,0,0,10,0,24,0,0
Drututts Lisp ,1354,1,Akshan,166,15,6,9,0,DUO,1,5,0,0,7206,6398,1,3,171,0,0
snail xD,1354,1,Kindred,203,14,4,8,13,NONE,1,7,2,0,38500,3269,1,0,32,1,0
NUC Rosehan,1354,1,Neeko,518,14,4,10,7,DUO,1,7,0,0,3800,1697,1,0,131,1,1
EUSEUSEUS,1354,1,Aphelios,523,14,4,15,9,CARRY,1,6,0,0,10187,10187,1,6,192,2,1
Chapter 4,1354,1,Milio,902,12,3,1,23,SUPPORT,8,24,0,0,1473,1473,1,0,18,2,0
RobertBrännström,1535,1,Kennen,85,17,3,18,7,NONE,4,6,0,0,14275,4942,5,2,180,1,0
Sriffow,1535,1,RekSai,421,14,9,10,6,NONE,4,3,3,0,30036,392,5,1,18,0,0
Molnigt,1535,1,Yasuo,157,16,4,5,12,SOLO,0,10,0,0,13185,6148,5,3,223,1,1
hellcat13,1535,1,Kalista,429,14,5,5,10,CARRY,7,9,1,1,28957,7571,5,4,190,1,0
K4NTERA,1535,1,Rell,526,13,3,1,21,SUPPORT,10,27,0,0,5111,486,5,0,34,1,0
TTV H0rnlime,1535,0,Warwick,19,13,11,4,1,SOLO,1,7,0,0,2675,2675,10,1,128,0,0
SMSMSM,1535,0,LeeSin,64,14,10,10,7,NONE,2,11,0,0,18721,0,10,1,26,0,0
Konaern,1535,0,Ahri,103,15,6,4,5,SOLO,3,9,0,0,6659,1903,10,1,205,0,0
gimme resources,1535,0,Jinx,222,12,7,3,9,CARRY,4,11,0,0,7679,7409,10,2,174,0,0
Chapter 4,1535,0,Braum,201,11,5,3,13,SUPPORT,4,29,0,0,138,0,10,0,32,0,0
pedro jose,1156,1,Kennen,85,13,1,4,1,SUPPORT,2,6,0,0,3493,3493,2,1,161,0,0
Sriffow,1156,1,RekSai,421,13,2,10,10,SUPPORT,5,2,3,0,40762,693,2,3,17,0,0
IWILLC0NQUER,1156,1,Ahri,103,13,1,5,9,DUO,2,12,0,0,5299,4634,2,1,189,0,0
0liver Queen,1156,1,Draven,119,10,4,2,4,SUPPORT,1,5,0,0,11552,3571,2,1,128,0,0
Chapter 4,1156,1,Nami,267,10,3,0,11,SUPPORT,3,15,0,0,1564,796,2,0,13,0,0
RobertBrännström,1156,0,Gragas,79,13,3,2,0,SUPPORT,0,8,0,0,2813,2813,6,1,150,0,0
no tilt they bad,1156,0,Nocturne,56,11,3,1,0,SUPPORT,2,4,0,0,7028,826,6,1,20,0,0
slowqq,1156,0,Ezreal,81,11,6,3,1,SUPPORT,0,9,0,0,4145,2059,6,0,151,0,0
DONATELL0,1156,0,Lucian,236,10,5,5,1,SUPPORT,1,6,0,0,1460,1295,6,0,161,0,0
Mr Poussinet,1156,0,Milio,902,9,4,0,6,SUPPORT,3,17,0,0,308,175,6,0,9,0,0
Rayzorac,2349,0,Renekton,58,18,7,4,8,SOLO,6,8,0,0,7949,1473,11,1,264,0,0
LuvFlakkedCheeks,2349,0,Ezreal,81,18,4,14,10,NONE,5,11,2,0,23406,151,11,0,99,0,0
IWILLC0NQUER,2349,0,Syndra,134,18,4,9,12,SOLO,4,20,0,0,15729,4533,11,2,318,0,0
Kenal,2349,0,Lucian,236,15,13,3,11,CARRY,10,12,0,0,10780,1768,11,0,193,0,0
Chapter 4,2349,0,Nami,267,16,3,4,27,SUPPORT,10,48,0,0,707,109,11,0,36,0,0
ytfdrxz,2349,1,Kennen,85,18,7,7,5,SOLO,6,13,0,0,7440,2589,3,2,257,1,1
Theocacs,2349,1,Kindred,203,18,7,6,6,NONE,7,5,2,1,57850,852,3,2,67,2,0
dajor25,2349,1,Akali,84,18,7,5,7,SOLO,3,13,0,0,6018,2467,3,1,267,1,1
hovinko z kose,2349,1,Vayne,67,18,8,11,8,CARRY,16,12,1,1,46227,14853,3,5,348,2,1
sharynne enjoyer,2349,1,Milio,902,16,5,2,21,SUPPORT,4,50,0,0,1733,573,3,0,28,2,0
Rayzorac,1606,0,Renekton,58,15,4,2,6,SOLO,1,8,0,0,3834,3834,11,2,215,0,0
Kevin Pearson,1606,0,Viego,234,14,10,6,2,NONE,6,9,2,0,27701,0,11,0,27,0,0
IWILLC0NQUER,1606,0,Akali,84,15,7,6,2,CARRY,1,12,0,0,631,121,11,0,220,0,0
gigabean,1606,0,Karthus,30,15,7,2,6,SOLO,5,3,0,0,5233,0,11,0,233,0,0
Chapter 4,1606,0,Nami,267,12,2,0,7,SUPPORT,7,26,0,0,1617,0,11,0,13,0,0
eYa Bewbiou,1606,1,Malphite,54,15,5,1,6,SOLO,1,9,0,0,4570,2381,2,0,159,2,0
LuvFlakkedCheeks,1606,1,Belveth,200,15,2,6,10,NONE,7,5,1,1,34968,3143,2,2,33,3,2
Wesley Warren Jr,1606,1,Ezreal,81,16,3,3,9,SOLO,3,9,0,0,25483,11541,2,5,232,3,1
DRG Louis,1606,1,Syndra,134,15,3,12,7,CARRY,5,13,0,0,8326,4297,2,2,200,1,0
OKTW Kristine,1606,1,Senna,235,13,3,8,13,SUPPORT,10,18,1,0,6915,3980,2,2,28,1,0
mewinnersqueue,1393,0,Aatrox,266,12,8,0,4,SOLO,1,8,0,0,0,0,10,0,144,0,0
NNM034,1393,0,Kindred,203,12,6,8,3,NONE,5,3,1,0,14513,0,10,0,34,0,0
Sägen,1393,0,Swain,50,11,11,0,4,CARRY,2,7,0,0,355,0,10,0,123,0,0
SlNGED,1393,0,Singed,27,12,9,0,9,SOLO,2,7,0,0,4436,0,10,0,115,0,0
Chapter 4,1393,0,Senna,235,11,5,5,4,SUPPORT,6,24,0,0,234,234,10,0,34,0,0
legit thats it,1393,1,Olaf,2,16,1,12,5,SOLO,0,7,0,0,7847,7474,0,2,201,1,1
Seo Yea ji fan,1393,1,Belveth,200,14,5,8,8,NONE,2,6,2,1,46516,1253,0,4,26,0,0
Decay0,1393,1,Ahri,103,15,2,10,3,SOLO,6,13,0,0,7977,5766,0,3,218,0,0
gigabean,1393,1,Karthus,30,13,1,7,12,NONE,1,6,0,0,10381,3551,0,0,156,1,1
Nsurr1,1393,1,Rell,526,11,4,2,19,SOLO,5,25,0,0,2081,722,0,0,25,0,0
Kât l ï Äm,1764,0,Jax,24,15,2,1,4,SOLO,3,7,0,0,3261,1326,10,0,191,0,0
CG Garguentua,1764,0,Vi,254,14,9,1,9,NONE,2,7,0,0,13718,257,10,1,9,0,0
Λlixx,1764,0,Leblanc,7,15,4,6,5,SOLO,10,6,0,0,4837,4247,10,1,231,0,0
gigabean,1764,0,Karthus,30,14,3,3,5,CARRY,1,8,0,0,11823,1148,10,1,233,0,0
Chapter 4,1764,0,Senna,235,12,6,5,8,SUPPORT,10,44,0,0,2082,431,10,0,28,0,0
waterenjoyer123,1764,1,Kennen,85,17,1,5,3,SOLO,5,5,0,0,17661,11327,3,5,289,1,1
NNM034,1764,1,Viego,234,14,2,12,4,NONE,12,4,3,1,47073,2638,3,1,39,0,0
Terold,1764,1,Neeko,518,15,7,1,9,SOLO,4,7,0,0,6260,859,3,0,176,0,0
Inferior AD,1764,1,Aphelios,523,16,1,6,6,CARRY,7,8,1,0,40245,8509,3,4,249,0,0
AluTec 1098,1764,1,TahmKench,223,13,5,0,13,SUPPORT,12,46,0,0,2275,795,3,0,40,0,0
Zueb,1672,1,Aatrox,266,16,1,5,8,NONE,1,6,0,0,14263,3896,3,3,177,1,1
FriendlyNeighbor,1672,1,Kindred,203,15,5,10,8,NONE,7,6,2,1,48613,2534,3,2,25,1,0
Po Gap,1672,1,Azir,268,16,4,7,8,SOLO,5,11,0,0,4050,4050,3,1,247,0,0
gimme resources,1672,1,Aphelios,523,14,8,6,8,CARRY,6,8,1,0,23027,9763,3,4,165,2,1
Chapter 4,1672,1,Milio,902,14,0,0,20,SUPPORT,7,33,0,0,1845,547,3,0,40,1,0
Dreamm,1672,0,Vladimir,8,14,5,2,2,SOLO,1,9,0,0,3663,1766,10,2,188,0,0
Giligan,1672,0,MonkeyKing,62,13,5,4,5,NONE,4,6,1,0,11400,0,10,0,23,0,0
Terold,1672,0,AurelionSol,136,14,5,1,5,SOLO,2,9,0,0,2195,611,10,0,201,0,0
disciplinfreedom,1672,0,Nilah,895,14,9,5,8,CARRY,6,9,0,0,6103,5364,10,2,200,0,0
Kluckadell,1672,0,Senna,235,13,4,6,9,SUPPORT,8,26,0,0,2213,1313,10,1,21,0,0
